-- Seed courses from existing static data
INSERT INTO courses (id, title, slug, instructor, category, level, price, sale_price, rating, rating_count, students_count, duration, lecture_count, description, short_description, thumbnail_url, featured, bestseller, last_updated, language, topics, what_you_will_learn, published)
VALUES
  ('00000000-0000-0000-0000-000000000001', 'The Complete Nice Guy Recovery System', 'complete-nice-guy-recovery-system', 'Michael Zick', 'nice-guy-recovery', 'All Levels', 297, 197, 4.9, 342, 1243, '12h 30m', 48, 'The definitive program for men ready to break free from the Nice Guy pattern. This comprehensive system walks you through identifying your approval-seeking behaviors, understanding their origins in your childhood, and building a new operating system based on authenticity and self-respect. You''ll learn to stop people-pleasing, set boundaries, and live from your own values instead of constantly seeking validation.', 'Break free from the Nice Guy pattern and build an authentic life.', 'https://images.unsplash.com/photo-1464822759023-fed622ff2c3b', true, true, 'January 2026', 'English', ARRAY['Nice Guy Recovery', 'Approval Addiction', 'Authenticity', 'Self-Worth', 'Boundaries', 'Masculinity'], ARRAY['Identify and break your approval-seeking patterns', 'Understand the childhood origins of Nice Guy behavior', 'Build an authentic operating system based on your values', 'Stop people-pleasing and start living for yourself', 'Develop healthy masculine energy and self-respect'], true),

  ('00000000-0000-0000-0000-000000000002', 'The Approval Addiction Recovery Program', 'approval-addiction-recovery-program', 'Michael Zick', 'nice-guy-recovery', 'Beginner', 197, 147, 4.8, 278, 987, '8h 45m', 32, 'Are you constantly seeking approval from others? Do you change who you are depending on who you''re around? This program helps you spot the approval bids, understand why you make them, and build the internal validation that frees you from needing others to tell you you''re okay.', 'Spot the bid for approval and break the addiction cycle.', 'https://images.unsplash.com/photo-1470071459604-3b5ec3a7fe05', true, false, 'December 2025', 'English', ARRAY['Approval Addiction', 'Self-Validation', 'Awareness', 'Covert Contracts', 'Recovery'], ARRAY['Recognize your approval-seeking patterns in real time', 'Understand the approval addiction recovery loop', 'Cancel covert contracts that keep you stuck', 'Build internal validation and self-trust', 'Navigate discomfort without reverting to old patterns'], true),

  ('00000000-0000-0000-0000-000000000003', 'Boundaries & Communication Masterclass', 'boundaries-communication-masterclass', 'Michael Zick', 'boundaries-communication', 'Intermediate', 197, NULL, 4.7, 195, 756, '10h 15m', 38, 'Most Nice Guys have never learned to set boundaries or communicate their needs directly. This masterclass teaches you the exact frameworks for setting boundaries without aggression, expressing needs without manipulation, and having difficult conversations with confidence. You''ll practice with real scenarios from relationships, work, and family.', 'Learn to set boundaries and communicate with confidence.', 'https://images.unsplash.com/photo-1501854140801-50d01698950b', true, true, 'February 2026', 'English', ARRAY['Boundaries', 'Communication', 'Assertiveness', 'Conflict Resolution', 'Difficult Conversations'], ARRAY['Set clear boundaries without guilt or aggression', 'Communicate your needs directly and effectively', 'Navigate difficult conversations with confidence', 'Handle pushback when you start changing', 'Build relationships based on honesty, not performance'], true),

  ('00000000-0000-0000-0000-000000000004', 'Displeasure Tolerance Training', 'displeasure-tolerance-training', 'Michael Zick', 'self-worth-identity', 'Intermediate', 147, 97, 4.8, 167, 623, '6h 30m', 24, 'The Nice Guy''s biggest fear is displeasure — from partners, bosses, friends, even strangers. This training builds your tolerance for others'' negative reactions so you can finally be honest, set limits, and stop contorting yourself to keep everyone happy. Through structured exposure exercises and mindset work, you''ll become comfortable with discomfort.', 'Build tolerance for discomfort and stop managing everyone''s emotions.', 'https://images.unsplash.com/photo-1433086966358-54859d0ed716', false, false, 'November 2025', 'English', ARRAY['Displeasure Tolerance', 'Emotional Regulation', 'Discomfort', 'Growth', 'Resilience'], ARRAY['Understand why you fear others'' displeasure', 'Build tolerance through structured exercises', 'Stop managing everyone else''s emotional state', 'Stay grounded when people push back on your boundaries', 'Transform discomfort from threat to growth signal'], true),

  ('00000000-0000-0000-0000-000000000005', 'The Covert Contract Breaker', 'covert-contract-breaker', 'Michael Zick', 'nice-guy-recovery', 'Beginner', 97, NULL, 4.9, 234, 892, '5h 15m', 20, 'Covert contracts are the unspoken deals Nice Guys make: ''If I do X, you should do Y.'' They''re the source of resentment, frustration, and broken relationships. This program teaches you to identify your covert contracts, understand why you create them, and replace them with direct communication and genuine giving.', 'Identify and eliminate the hidden deals destroying your relationships.', 'https://images.unsplash.com/photo-1482938289607-e9573fc25ebb', false, true, 'October 2025', 'English', ARRAY['Covert Contracts', 'Resentment', 'Direct Communication', 'Relationships', 'Honesty'], ARRAY['Spot covert contracts in every area of your life', 'Understand the Nice Guy logic that creates them', 'Replace covert contracts with direct requests', 'Give without strings attached', 'Eliminate resentment at its source'], true),

  ('00000000-0000-0000-0000-000000000006', 'Relationship Frame Workshop', 'relationship-frame-workshop', 'Michael Zick', 'relationship-skills', 'Advanced', 247, 197, 4.8, 156, 534, '9h 45m', 36, 'Your relationship frame determines the quality of every romantic relationship you''ll have. This workshop teaches you how to establish and maintain a healthy relationship frame based on standards, not scarcity. You''ll learn to attract from abundance, lead with integrity, and build partnerships where both people thrive.', 'Establish a healthy relationship frame based on standards, not scarcity.', 'https://images.unsplash.com/photo-1500534314209-a25ddb2bd429', false, false, 'January 2026', 'English', ARRAY['Relationship Frame', 'Dating Standards', 'Attraction', 'Partnership', 'Masculine Leadership'], ARRAY['Define your non-negotiable relationship standards', 'Stop dating from scarcity and desperation', 'Build attraction through authenticity, not performance', 'Lead in relationships without being controlling', 'Create partnerships where both people grow'], true),

  ('00000000-0000-0000-0000-000000000007', 'Parental Patterns & Self-Discovery', 'parental-patterns-self-discovery', 'Michael Zick', 'self-worth-identity', 'Intermediate', 177, NULL, 4.7, 143, 478, '7h 30m', 28, 'Your Nice Guy patterns didn''t start with you — they started in your childhood. This deep-dive program helps you examine your parental relationships, identify the survival strategies you developed as a child, and consciously choose which patterns to keep and which to release. Understanding your past is the key to changing your future.', 'Examine childhood patterns and consciously choose who you become.', 'https://images.unsplash.com/photo-1506744038136-46273834b3fb', false, false, 'September 2025', 'English', ARRAY['Childhood Patterns', 'Parental Relationships', 'Self-Discovery', 'Inner Child', 'Healing'], ARRAY['Map your parental relationship dynamics', 'Identify survival strategies from childhood', 'Understand how those patterns show up in adult life', 'Release patterns that no longer serve you', 'Build a conscious identity based on choice, not conditioning'], true),

  ('00000000-0000-0000-0000-000000000008', 'Dating from Standards, Not Scarcity', 'dating-from-standards-not-scarcity', 'Michael Zick', 'relationship-skills', 'All Levels', 147, 97, 4.8, 198, 712, '6h 45m', 26, 'Most Nice Guys settle in dating because they believe they can''t do better, or they chase women hoping to earn love through performance. This program flips the script: you''ll define your standards, build genuine confidence, and learn to date from a place of abundance rather than desperation.', 'Stop settling and start dating from confidence and clarity.', 'https://images.unsplash.com/photo-1469474968028-56623f02e42e', false, true, 'December 2025', 'English', ARRAY['Dating', 'Standards', 'Confidence', 'Abundance Mindset', 'Attraction'], ARRAY['Define what you actually want in a partner', 'Stop settling out of fear or scarcity', 'Build genuine confidence that attracts', 'Date from abundance, not desperation', 'Recognize red flags and honor your standards'], true);

-- Seed chapters and lessons for Course 1 (Complete Nice Guy Recovery System)
INSERT INTO chapters (id, course_id, title, description, sort_order) VALUES
  ('10000000-0000-0000-0000-000000000001', '00000000-0000-0000-0000-000000000001', 'Getting Started', 'Introduction and assessment', 0),
  ('10000000-0000-0000-0000-000000000002', '00000000-0000-0000-0000-000000000001', 'Core Framework', 'The approval addiction recovery loop', 1),
  ('10000000-0000-0000-0000-000000000003', '00000000-0000-0000-0000-000000000001', 'Advanced Recovery', 'Deep work and integration', 2);

INSERT INTO lessons (id, chapter_id, title, sort_order, duration_seconds, video_source_type, video_url, is_preview) VALUES
  ('20000000-0000-0000-0000-000000000001', '10000000-0000-0000-0000-000000000001', 'Introduction & Assessment', 0, 540, 'youtube', 'https://www.youtube.com/watch?v=dQw4w9WgXcQ', true),
  ('20000000-0000-0000-0000-000000000002', '10000000-0000-0000-0000-000000000001', 'Understanding the Pattern', 1, 720, 'youtube', 'https://www.youtube.com/watch?v=dQw4w9WgXcQ', false),
  ('20000000-0000-0000-0000-000000000003', '10000000-0000-0000-0000-000000000001', 'Your Recovery Roadmap', 2, 600, 'youtube', 'https://www.youtube.com/watch?v=dQw4w9WgXcQ', false),
  ('20000000-0000-0000-0000-000000000004', '10000000-0000-0000-0000-000000000001', 'Setting Expectations', 3, 480, 'youtube', 'https://www.youtube.com/watch?v=dQw4w9WgXcQ', false),
  ('20000000-0000-0000-0000-000000000005', '10000000-0000-0000-0000-000000000001', 'First Assignment', 4, 360, 'youtube', 'https://www.youtube.com/watch?v=dQw4w9WgXcQ', false),
  ('20000000-0000-0000-0000-000000000006', '10000000-0000-0000-0000-000000000002', 'The Approval Loop', 0, 900, 'youtube', 'https://www.youtube.com/watch?v=dQw4w9WgXcQ', false),
  ('20000000-0000-0000-0000-000000000007', '10000000-0000-0000-0000-000000000002', 'Spotting Covert Contracts', 1, 840, 'youtube', 'https://www.youtube.com/watch?v=dQw4w9WgXcQ', false),
  ('20000000-0000-0000-0000-000000000008', '10000000-0000-0000-0000-000000000002', 'Building Awareness', 2, 780, 'youtube', 'https://www.youtube.com/watch?v=dQw4w9WgXcQ', false),
  ('20000000-0000-0000-0000-000000000009', '10000000-0000-0000-0000-000000000003', 'Displeasure Tolerance', 0, 960, 'youtube', 'https://www.youtube.com/watch?v=dQw4w9WgXcQ', false),
  ('20000000-0000-0000-0000-000000000010', '10000000-0000-0000-0000-000000000003', 'Setting Hard Boundaries', 1, 1020, 'youtube', 'https://www.youtube.com/watch?v=dQw4w9WgXcQ', false),
  ('20000000-0000-0000-0000-000000000011', '10000000-0000-0000-0000-000000000003', 'Integration & Maintenance', 2, 840, 'youtube', 'https://www.youtube.com/watch?v=dQw4w9WgXcQ', false);
